ranking,rank,id,ra,dec,field,anomaly,lrd_dist,dominant,smooth,featured,merger,in_both_top100,mu_halo,m6sig,f444,f356,f200,r44_20,r44_35,gaia_sep,gaia_g,gaia_plx_sig,gaia_pm_sig,verdict
lrdlike,1,atl036400,34.221635,-5.210208,UDS,0.0303,0.0085,featured,0.000,0.100,0.000,0,0.3107,6.0241,2400.2202,807.7632,2749.5879,0.8729,2.9714,0.71,19.86,1.7,1.0,star_psf
lrdlike,2,atl026291,53.168822,-27.733249,GOODS-S,0.0243,0.0102,smooth,0.329,0.086,0.034,0,0.3831,10.3771,953.3837,1282.9846,2006.9512,0.475,0.7431,,,,,star_psf
lrdlike,3,atl042084,34.492433,-5.266250,UDS,0.0237,0.0106,smooth,0.378,0.027,0.000,0,0.358,8.6394,2750.0781,3661.772,3361.7048,0.8181,0.751,0.08,20.44,0.6,3.1,star_gaia
lrdlike,4,atl013459,150.154550,2.532005,COSMOS,0.0336,0.013,merger,0.400,0.029,0.667,0,0.329,1.6863,1351.52,900.975,1381.6771,0.9782,1.5001,0.23,20.87,nan,nan,star_psf
lrdlike,5,atl043522,34.353008,-5.125759,UDS,0.0202,0.0147,merger,0.086,0.029,0.250,0,0.414,9.2636,3591.0305,2672.1865,3770.9302,0.9523,1.3439,0.36,20.3,-0.3,13.0,star_gaia
lrdlike,6,atl018892,150.093830,2.276782,COSMOS,0.0434,0.0164,merger,0.139,0.139,0.600,0,0.2964,8.2394,947.9556,1276.0208,2231.6482,0.4248,0.7429,,,,,star_psf
lrdlike,7,atl036862,34.494583,-5.206553,UDS,0.0297,0.0185,merger,0.222,0.148,0.300,0,0.349,5.7825,3647.3799,1465.8059,5073.4644,0.7189,2.4883,0.14,19.12,1.5,32.2,star_gaia
lrdlike,8,atl014052,150.156840,2.542598,COSMOS,0.029,0.0199,merger,0.214,0.143,0.400,0,0.3675,9.7636,1828.1488,1382.5868,1698.9558,1.076,1.3223,0.08,20.79,nan,nan,star_psf
lrdlike,9,atl045938,34.474801,-5.255598,UDS,0.1042,0.0207,merger,0.174,0.000,0.250,0,0.0125,3.4258,0.2601,0.1862,-0.2242,inf,1.3972,,,,,not_red
lrdlike,10,atl019326,150.127720,2.283807,COSMOS,0.0464,0.0208,merger,0.129,0.065,0.333,0,0.2887,16.5172,865.1754,1173.568,2205.2251,0.3923,0.7372,,,,,star_psf
lrdlike,11,atl010761,150.107790,2.180425,COSMOS,0.0189,0.0218,merger,0.118,0.029,0.400,0,0.3914,9.2492,3726.646,4536.0977,4008.6699,0.9296,0.8216,0.19,19.97,-0.6,23.5,star_gaia
lrdlike,12,atl008315,150.143610,2.434398,COSMOS,0.0248,0.022,smooth,0.237,0.000,0.000,0,0.4253,13.3767,2759.325,3876.3281,5918.9507,0.4662,0.7118,,,,,star_psf
lrdlike,13,atl002635,150.055360,2.338743,COSMOS,0.0221,0.0254,smooth,0.261,0.130,0.000,0,0.3996,10.0891,5724.5991,3131.9626,5616.6279,1.0192,1.8278,0.16,19.8,2.3,13.8,star_gaia
lrdlike,14,atl043322,34.413864,-5.146493,UDS,0.0457,0.0283,smooth,0.429,0.029,0.062,0,0.2935,10.4268,1018.1922,1537.5486,4144.3872,0.2457,0.6622,0.12,20.45,0.3,8.2,star_gaia
lrdlike,15,atl010973,150.136070,2.483605,COSMOS,0.0541,0.0285,smooth,0.267,0.100,0.000,0,0.27,13.4434,710.7753,970.2444,1945.3375,0.3654,0.7326,,,,,star_psf
lrdlike,16,atl006482,150.085270,2.402186,COSMOS,0.0256,0.0289,smooth,0.222,0.056,0.100,0,0.3874,11.7086,3559.2476,3842.3555,4143.0977,0.8591,0.9263,,,,,star_psf
lrdlike,17,atl006511,150.057380,2.402482,COSMOS,0.0198,0.0296,merger,0.150,0.100,0.200,0,0.4156,9.9906,6446.3657,2209.6514,5923.2856,1.0883,2.9174,0.17,20.55,1.1,12.0,star_gaia
lrdlike,18,atl025104,53.027944,-27.748663,GOODS-S,0.0834,0.0302,smooth,0.667,0.051,0.000,0,0.294,10.5827,381.7382,327.5042,190.5185,2.0037,1.1656,,,,,star_psf
lrdlike,19,atl045961,34.474794,-5.255419,UDS,0.1194,0.032,merger,0.045,0.091,0.333,0,0.012,1.3939,2.797,2.8657,3.4644,0.8073,0.976,,,,,not_red
lrdlike,20,atl009401,150.125120,2.455779,COSMOS,0.0819,0.0323,smooth,0.514,0.108,0.087,0,0.2466,14.15,325.2239,287.211,159.7928,2.0353,1.1324,,,,,star_psf
lrdlike,21,atl041149,34.403501,-5.164859,UDS,0.142,0.0325,smooth,0.487,0.103,0.043,0,0.0495,3.3285,104.7174,101.9547,76.3692,1.3712,1.0271,,,,,not_red
lrdlike,22,atl033581,53.042457,-27.841941,GOODS-S,0.2042,0.0357,featured,0.083,0.292,0.111,0,0.0951,13.4153,88.5966,77.4704,8.634,10.2614,1.1436,,,,,star_psf
lrdlike,23,atl042098,34.440294,-5.157888,UDS,0.0238,0.041,merger,0.216,0.081,0.273,0,0.4036,5.6488,2256.1565,1619.5421,4449.5474,0.5071,1.3931,0.09,20.11,2.5,8.7,star_gaia
lrdlike,24,atl006594,150.053690,2.405816,COSMOS,0.177,0.0424,merger,0.100,0.200,0.333,0,0.0373,7.4758,94.5031,60.6578,13.7509,6.8725,1.558,,,,,candidate
lrdlike,25,atl003408,150.097550,2.354718,COSMOS,0.1046,0.0429,merger,0.000,0.043,1.000,0,0.0042,4.1751,-0.9447,-0.9946,-1.933,nan,nan,,,,,not_red
lrdlike,26,atl019121,150.128960,2.279965,COSMOS,0.0211,0.0447,smooth,0.323,0.065,0.000,0,0.4478,17.2347,3378.02,4206.6562,4245.1743,0.7957,0.803,,,,,star_psf
lrdlike,27,atl019690,150.184750,2.288813,COSMOS,0.0332,0.0449,smooth,0.194,0.028,0.000,0,0.333,7.8795,1962.4104,2913.0613,3501.9209,0.5604,0.6737,0.15,18.88,0.9,16.6,star_gaia
lrdlike,28,atl031582,53.137941,-27.874020,GOODS-S,0.0503,0.0457,featured,0.083,0.125,0.000,0,0.3184,9.342,627.7083,897.2809,1912.3168,0.3282,0.6996,,,,,star_psf
lrdlike,29,atl013781,150.150450,2.535874,COSMOS,0.1221,0.0463,smooth,0.462,0.077,0.095,0,0.0448,4.5932,39.2271,38.3288,0.0,inf,1.0234,,,,,not_red
lrdlike,30,atl047545,34.229052,-5.239180,UDS,0.1353,0.0468,smooth,0.658,0.079,0.000,0,0.0353,1.8413,55.1278,80.1723,0.0,inf,0.6876,,,,,not_red
lrdlike,31,atl045989,34.474820,-5.255193,UDS,0.1235,0.047,featured,0.080,0.160,0.000,0,0.018,3.0823,0.2881,0.0921,2.2011,0.1309,3.1294,,,,,not_red
lrdlike,32,atl000502,150.051660,2.306745,COSMOS,0.0903,0.0478,featured,0.108,0.135,0.000,0,0.0015,2.6188,9.7892,14.4114,10.6823,0.9164,0.6793,,,,,not_red
lrdlike,33,atl029266,53.150687,-27.678363,GOODS-S,0.0229,0.0509,smooth,0.179,0.026,0.125,0,0.4338,7.5795,913.5175,1505.4611,4535.1211,0.2014,0.6068,0.32,20.13,2.0,7.0,star_gaia
lrdlike,34,atl010780,150.077760,2.479231,COSMOS,0.0583,0.0527,merger,0.276,0.069,0.600,0,0.2577,8.3663,2573.9897,3522.5002,5720.9766,0.4499,0.7307,0.12,21.06,nan,nan,star_psf
lrdlike,35,atl006181,150.058680,2.399345,COSMOS,0.1688,0.0536,smooth,0.472,0.111,0.143,0,0.0415,7.3791,178.5501,84.5391,20.7118,8.6207,2.112,,,,,candidate
lrdlike,36,atl045773,34.479107,-5.148237,UDS,0.0677,0.0559,merger,0.167,0.167,0.333,0,0.0108,2.8242,-0.4737,-0.0275,0.8253,-0.574,nan,,,,,not_red
lrdlike,37,atl018157,150.205480,2.264678,COSMOS,0.0443,0.058,smooth,0.111,0.000,0.000,0,0.3185,4.2974,121.918,131.1495,230.7451,0.5284,0.9296,,,,,star_psf
lrdlike,38,atl038226,34.461124,-5.194578,UDS,0.0206,0.0588,merger,0.194,0.129,0.300,0,0.3833,5.1557,1494.8743,1575.3281,5550.6641,0.2693,0.9489,0.18,19.39,1.5,32.0,star_gaia
lrdlike,39,atl006505,150.109470,2.403111,COSMOS,0.0973,0.0612,featured,0.025,0.050,0.000,0,0.0042,40.3759,-0.7086,-0.7917,-1.5184,nan,nan,,,,,not_red
lrdlike,40,atl005254,150.056750,2.384014,COSMOS,0.0247,0.0615,featured,0.087,0.217,0.143,0,0.0079,3.8281,0.2787,1.9552,3.2913,0.0847,0.1425,,,,,not_red
lrdlike,41,atl009251,150.083380,2.450713,COSMOS,0.0291,0.0619,merger,0.250,0.028,0.400,0,0.3933,6.1361,3862.1162,4958.9702,5125.2104,0.7536,0.7788,0.15,18.28,2.5,99.1,star_gaia
lrdlike,42,atl008513,150.179030,2.440051,COSMOS,0.0967,0.0622,featured,0.050,0.100,0.000,0,0.011,2.3544,1.0917,1.2642,0.3154,3.4617,0.8635,,,,,candidate
lrdlike,43,atl005998,150.125990,2.396720,COSMOS,0.1752,0.0625,featured,0.048,0.143,0.000,0,0.1093,11.608,53.795,40.7826,15.0731,3.5689,1.3191,,,,,star_psf
lrdlike,44,atl040975,34.384943,-5.265297,UDS,0.0948,0.0633,merger,0.158,0.000,0.333,0,0.005,2.5262,10.9309,11.89,11.7988,0.9264,0.9193,,,,,not_red
lrdlike,45,atl044883,34.239425,-5.139743,UDS,0.1176,0.0637,smooth,0.583,0.083,0.167,0,0.28,16.871,1119.4991,975.8762,516.4044,2.1679,1.1472,,,,,star_psf
lrdlike,46,atl014823,150.054900,2.210088,COSMOS,0.1048,0.0649,featured,0.059,0.118,0.000,0,0.0079,4.2721,0.9884,2.2833,4.7799,0.2068,0.4329,,,,,not_red
lrdlike,47,atl018306,150.112500,2.186322,COSMOS,0.1041,0.0659,featured,0.000,0.050,0.000,0,0.0018,7.1,2.4562,3.5456,2.743,0.8954,0.6927,,,,,not_red
lrdlike,48,atl045817,34.493911,-5.256562,UDS,0.078,0.0665,featured,0.118,0.176,0.000,0,0.0006,2.6385,6.6728,6.5438,5.3754,1.2414,1.0197,,,,,not_red
lrdlike,49,atl041542,34.452312,-5.161188,UDS,0.2005,0.0675,merger,0.324,0.189,0.368,0,0.0421,8.2774,63.4963,36.818,22.8919,2.7737,1.7246,,,,,candidate
lrdlike,50,atl043054,34.236740,-5.146132,UDS,0.098,0.0681,featured,0.048,0.143,0.000,0,0.0102,3.123,2.632,1.6112,3.0001,0.8773,1.6336,,,,,not_red
lrdlike,51,atl046278,34.254507,-5.251991,UDS,0.0884,0.0685,featured,0.105,0.158,0.000,0,0.0096,3.4503,8.638,11.9516,16.3143,0.5295,0.7227,,,,,not_red
lrdlike,52,atl033714,53.088425,-27.842308,GOODS-S,0.0287,0.069,smooth,0.519,0.052,0.023,0,0.461,6.6315,1690.3665,1446.5446,4120.7734,0.4102,1.1686,,,,,star_psf
lrdlike,53,atl001933,150.102210,2.328325,COSMOS,0.0291,0.069,merger,0.233,0.100,0.300,0,0.3881,5.4929,1280.1935,1950.1956,5222.2676,0.2451,0.6564,0.17,19.31,0.8,12.0,star_gaia
lrdlike,54,atl045477,34.474665,-5.220408,UDS,0.0399,0.0723,merger,0.100,0.100,0.250,0,0.0123,7.9805,-0.315,0.2046,-0.1798,nan,-1.5394,,,,,not_red
lrdlike,55,atl045763,34.488747,-5.257498,UDS,0.096,0.0734,smooth,0.605,0.079,0.000,0,0.2325,8.2625,494.7426,505.1992,340.9752,1.451,0.9793,,,,,star_psf
lrdlike,56,atl008802,150.133330,2.445173,COSMOS,0.1681,0.0759,smooth,0.556,0.083,0.174,0,0.1309,12.6881,93.4582,99.5935,60.9523,1.5333,0.9384,,,,,star_psf
lrdlike,57,atl026058,53.200711,-27.734697,GOODS-S,0.165,0.0761,featured,0.105,0.316,0.125,0,0.0601,2.4153,60.9318,56.4736,18.7198,3.2549,1.0789,,,,,candidate
lrdlike,58,atl037629,34.241787,-5.197488,UDS,0.1019,0.0772,smooth,0.594,0.094,0.000,0,0.0101,1.2638,10.5923,14.579,34.3873,0.308,0.7265,,,,,not_red
lrdlike,59,atl048700,34.474606,-5.227437,UDS,0.1008,0.0773,smooth,0.409,0.045,0.100,0,0.0202,3.8944,10.8876,11.1114,12.3686,0.8803,0.9799,,,,,not_red
lrdlike,60,atl041126,34.391528,-5.165564,UDS,0.1114,0.0777,merger,0.526,0.105,0.542,0,0.3057,10.6792,601.7574,520.2014,287.6239,2.0922,1.1568,,,,,star_psf
lrdlike,61,atl016230,150.141180,2.232327,COSMOS,0.1022,0.0778,featured,0.115,0.231,0.111,0,0.0085,3.3042,-0.1641,0.6588,1.3279,-0.1236,-0.2491,,,,,not_red
lrdlike,62,atl041002,34.358988,-5.166190,UDS,0.1025,0.0781,merger,0.095,0.095,0.250,0,0.011,4.467,0.2564,0.3387,0.163,1.5734,0.7571,,,,,candidate
lrdlike,63,atl009995,150.159050,2.207874,COSMOS,0.1162,0.0783,merger,0.278,0.167,0.438,0,0.0902,19.2488,42.8295,41.5963,36.3053,1.1797,1.0296,,,,,star_psf
lrdlike,64,atl029611,53.161677,-27.682907,GOODS-S,0.0716,0.0787,smooth,0.550,0.200,0.067,0,0.0086,1.9787,4.2204,6.2453,11.5628,0.365,0.6758,,,,,not_red
lrdlike,65,atl014884,150.125700,2.214930,COSMOS,0.0943,0.0788,featured,0.136,0.182,0.000,0,0.0067,2.3247,1.9488,1.6059,3.3699,0.5783,1.2135,,,,,not_red
lrdlike,66,atl048751,34.393499,-5.227030,UDS,0.0911,0.08,featured,0.174,0.217,0.111,0,0.0007,1.5155,12.6273,14.6257,15.2887,0.8259,0.8634,,,,,not_red
lrdlike,67,atl039298,34.290951,-5.181698,UDS,0.1311,0.0804,smooth,0.375,0.125,0.167,0,0.0318,2.9393,28.9699,27.4063,18.557,1.5611,1.0571,,,,,candidate
lrdlike,68,atl037326,34.433839,-5.199960,UDS,0.0394,0.0808,merger,0.050,0.100,0.333,0,0.008,1.9032,1.1014,0.837,2.0536,0.5363,1.3158,,,,,not_red
lrdlike,69,atl003937,150.166790,2.362713,COSMOS,0.1881,0.0811,merger,0.250,0.125,0.333,0,0.082,11.4881,21.862,25.1595,11.9268,1.833,0.8689,,,,,star_psf
lrdlike,70,atl011748,150.093100,2.501050,COSMOS,0.071,0.0813,smooth,0.348,0.000,0.000,0,0.2555,8.0886,1326.4089,2010.113,5762.0581,0.2302,0.6599,0.06,18.96,0.4,6.8,star_gaia
lrdlike,71,atl004217,150.136110,2.365074,COSMOS,0.0675,0.0822,merger,0.270,0.162,0.562,0,0.2766,10.9009,1421.7554,1889.3656,3573.3418,0.3979,0.7525,,,,,star_psf
lrdlike,72,atl045784,34.474190,-5.145906,UDS,0.0246,0.0822,smooth,0.148,0.074,0.000,0,0.0075,1.8813,-0.2287,0.0434,-0.0572,nan,-5.2639,,,,,not_red
lrdlike,73,atl029075,53.096105,-27.716308,GOODS-S,0.1028,0.0822,smooth,0.811,0.000,0.200,0,0.2317,13.0449,329.1407,299.9855,182.2244,1.8062,1.0972,,,,,star_psf
lrdlike,74,atl044796,34.241915,-5.138893,UDS,0.1061,0.0828,merger,0.560,0.187,0.768,0,0.2723,10.5124,582.8149,535.8182,287.1498,2.0297,1.0877,,,,,star_psf
lrdlike,75,atl037826,34.278002,-5.195542,UDS,0.1581,0.0835,merger,0.286,0.048,0.429,0,0.0519,26.849,27.1193,24.0747,35.8743,0.756,1.1265,,,,,not_red
lrdlike,76,atl036466,34.429182,-5.208285,UDS,0.1205,0.0835,smooth,0.457,0.114,0.450,0,0.0164,7.4682,5.4952,9.76,21.1849,0.2594,0.563,,,,,not_red
lrdlike,77,atl010961,150.106910,2.484900,COSMOS,0.1489,0.0841,merger,0.091,0.045,0.333,0,0.0165,21.8694,6.8106,8.3128,5.6898,1.197,0.8193,,,,,not_red
lrdlike,78,atl035401,34.458260,-5.270973,UDS,0.0894,0.0844,merger,0.074,0.111,0.400,0,0.0076,3.7734,3.4787,4.329,4.617,0.7535,0.8036,,,,,not_red
lrdlike,79,atl033614,53.095080,-27.924962,GOODS-S,0.1009,0.0861,smooth,0.553,0.158,0.259,0,0.2985,11.4808,720.1255,542.9108,215.0567,3.3485,1.3264,,,,,star_psf
lrdlike,80,atl038969,34.452193,-5.184782,UDS,0.1013,0.0867,featured,0.192,0.231,0.091,0,0.0184,6.9963,13.5256,12.3731,10.1008,1.3391,1.0931,,,,,not_red
lrdlike,81,atl016162,150.151600,2.230582,COSMOS,0.1056,0.0873,smooth,0.605,0.079,0.077,0,0.3165,14.3329,861.0254,788.2046,519.9028,1.6561,1.0924,,,,,star_psf
lrdlike,82,atl012695,150.082850,2.515564,COSMOS,0.0926,0.0876,featured,0.067,0.133,0.000,0,0.0098,2.889,2.1572,6.4201,7.4652,0.289,0.336,,,,,not_red
lrdlike,83,atl040582,34.488759,-5.265700,UDS,0.1883,0.0878,smooth,0.444,0.000,0.250,0,0.0439,5.8221,13.8876,30.6781,11.905,1.1665,0.4527,,,,,not_red
lrdlike,84,atl019104,150.181010,2.282090,COSMOS,0.0311,0.0886,featured,0.000,0.158,0.000,0,0.0084,1.1251,0.6638,-0.079,0.5532,1.2,inf,,,,,not_red
lrdlike,85,atl008729,150.185150,2.444218,COSMOS,0.0643,0.0888,featured,0.043,0.087,0.000,0,0.0055,2.8448,0.7645,0.351,0.8784,0.8703,2.1781,,,,,not_red
lrdlike,86,atl017265,150.152600,2.249403,COSMOS,0.0241,0.089,merger,0.087,0.130,0.200,0,0.0075,3.4884,-0.1512,0.2562,0.1941,-0.7792,-0.5903,,,,,not_red
lrdlike,87,atl015287,150.101560,2.219143,COSMOS,0.1943,0.09,smooth,0.529,0.059,0.200,0,0.1142,3.9045,228.3296,196.4464,147.151,1.5517,1.1623,,,,,candidate
lrdlike,88,atl035590,34.394336,-5.216747,UDS,0.119,0.0905,smooth,0.579,0.105,0.000,0,0.0652,2.3808,67.8342,95.4297,0.0,inf,0.7108,,,,,not_red
lrdlike,89,atl041049,34.310581,-5.165515,UDS,0.1373,0.0907,smooth,0.500,0.000,0.100,0,0.0191,2.6754,16.595,25.2226,25.9629,0.6392,0.6579,,,,,not_red
lrdlike,90,atl006598,150.088150,2.406523,COSMOS,0.093,0.0908,smooth,0.320,0.000,0.000,0,0.0063,1.7812,7.5648,5.8655,10.2562,0.7376,1.2897,,,,,not_red
lrdlike,91,atl038515,34.389980,-5.189223,UDS,0.0809,0.0909,smooth,0.621,0.000,0.000,0,0.0126,4.5238,20.591,29.2242,68.7203,0.2996,0.7046,,,,,not_red
lrdlike,92,atl042360,34.247563,-5.153744,UDS,0.0518,0.091,merger,0.125,0.250,0.500,0,0.0099,1.1024,0.1166,0.3485,0.4271,0.273,0.3345,,,,,not_red
lrdlike,93,atl049490,34.287328,-5.220629,UDS,0.1087,0.0912,merger,0.474,0.184,0.680,0,0.2162,6.5329,468.1035,415.152,247.657,1.8901,1.1275,,,,,star_psf
lrdlike,94,atl044317,34.345568,-5.133618,UDS,0.1018,0.0914,smooth,0.615,0.051,0.038,0,0.2814,11.2492,717.6044,597.0911,245.8019,2.9194,1.2018,,,,,star_psf
lrdlike,95,atl048955,34.289225,-5.277386,UDS,0.092,0.092,smooth,0.000,0.000,0.000,0,0.0088,3.9575,5.1673,5.7398,9.4655,0.5459,0.9003,,,,,not_red
lrdlike,96,atl038117,34.263194,-5.193799,UDS,0.1145,0.092,merger,0.453,0.253,0.736,0,0.1789,9.8765,281.5774,246.2094,133.4205,2.1104,1.1436,,,,,star_psf
lrdlike,97,atl039645,34.372126,-5.178422,UDS,0.021,0.0922,featured,0.000,0.059,0.000,0,0.0072,3.2068,0.4849,-0.1217,0.0212,22.9116,inf,,,,,candidate
lrdlike,98,atl045527,34.311439,-5.208153,UDS,0.0315,0.0924,featured,0.000,0.211,0.000,0,0.0078,2.4545,-0.5659,-0.4076,2.3537,-0.2404,nan,,,,,not_red
lrdlike,99,atl035968,34.424020,-5.212957,UDS,0.0949,0.0927,merger,0.143,0.190,0.286,0,0.0081,1.8404,5.9911,5.8517,5.9918,0.9999,1.0238,,,,,not_red
lrdlike,100,atl007048,150.169980,2.413571,COSMOS,0.2452,0.093,merger,0.400,0.133,0.500,1,0.0547,13.6864,68.8342,33.7291,24.1057,2.8555,2.0408,,,,,candidate
