ranking,rank,id,ra,dec,field,anomaly,lrd_dist,dominant,smooth,featured,merger,in_both_top100,mu_halo,m6sig,f444,f356,f200,r44_20,r44_35,gaia_sep,gaia_g,gaia_plx_sig,gaia_pm_sig,verdict,kokorev_sep_arcsec,kocevski24,simbad,lrd_catalogs,ned,novelty
lrdlike,24,atl006594,150.053690,2.405816,COSMOS,0.177,0.0424,merger,0.100,0.200,0.333,0,0.0373,7.4758,94.5031,60.6578,13.7509,6.8725,1.558,,,,,candidate,136.65,,"""[NHM2017] 18918"" [""G""] 0.01""; ""[SWM2014] COSMOS 22107"" [""G""] 1.81""","Perger25_LRDcompilation 0.14"" ref=""2024arXiv240610341A"" zphot=5.46",query_failed,in_published_LRD_sample
lrdlike,35,atl006181,150.058680,2.399345,COSMOS,0.1688,0.0536,smooth,0.472,0.111,0.143,0,0.0415,7.3791,178.5501,84.5391,20.7118,8.6207,2.112,,,,,candidate,107.38,,"""[NHM2017] 18329"" [""G""] 0.00""; ""[NHM2017] 18335"" [""G""] 1.56""","Perger25_LRDcompilation 0.14"" ref=""2024arXiv240610341A"" zphot=5.99",? [?],in_published_LRD_sample
lrdlike,42,atl008513,150.179030,2.440051,COSMOS,0.0967,0.0622,featured,0.050,0.100,0.000,0,0.011,2.3544,1.0917,1.2642,0.3154,3.4617,0.8635,,,,,candidate,22.35,,"""[NHM2017] 21479"" [""G""] 0.02""; ""[NHM2017] 21484"" [""G""] 0.67""",,,not_in_any_checked_LRD_sample
lrdlike,49,atl041542,34.452312,-5.161188,UDS,0.2005,0.0675,merger,0.324,0.189,0.368,0,0.0421,8.2774,63.4963,36.818,22.8919,2.7737,1.7246,,,,,candidate,23.34,,"""CANDELS UDS F160W J021748.55-050940.2"" [""NIR""] 0.00""",,? [?],not_in_any_checked_LRD_sample
lrdlike,57,atl026058,53.200711,-27.734697,GOODS-S,0.165,0.0761,featured,0.105,0.316,0.125,0,0.0601,2.4153,60.9318,56.4736,18.7198,3.2549,1.0789,,,,,candidate,60.89,,"""ZFOURGE CDFS 23922"" [""G""] 0.08""; ""ZFOURGE CDFS 24080"" [""G""] 1.96""",,? [?],not_in_any_checked_LRD_sample
lrdlike,62,atl041002,34.358988,-5.166190,UDS,0.1025,0.0781,merger,0.095,0.095,0.250,0,0.011,4.467,0.2564,0.3387,0.163,1.5734,0.7571,,,,,candidate,28.98,,,,query_failed,not_in_any_checked_LRD_sample
lrdlike,67,atl039298,34.290951,-5.181698,UDS,0.1311,0.0804,smooth,0.375,0.125,0.167,0,0.0318,2.9393,28.9699,27.4063,18.557,1.5611,1.0571,,,,,candidate,54.1,,"""CANDELS UDS F160W J021709.82-051054.1"" [""G""] 0.03""; ""CANDELS UDS F160W J021709.75-051053.1"" [""G""] 1.42""",,? [?],not_in_any_checked_LRD_sample
lrdlike,87,atl015287,150.101560,2.219143,COSMOS,0.1943,0.09,smooth,0.529,0.059,0.200,0,0.1142,3.9045,228.3296,196.4464,147.151,1.5517,1.1623,,,,,candidate,85.64,,"""COSMOS2015 605165"" [""EmG""] 0.07""; ""[NHM2017] 3411"" [""G""] 1.12""",,query_failed,not_in_any_checked_LRD_sample
lrdlike,97,atl039645,34.372126,-5.178422,UDS,0.021,0.0922,featured,0.000,0.059,0.000,0,0.0072,3.2068,0.4849,-0.1217,0.0212,22.9116,inf,,,,,candidate,31.32,,,,? [?],not_in_any_checked_LRD_sample
lrdlike,100,atl007048,150.169980,2.413571,COSMOS,0.2452,0.093,merger,0.400,0.133,0.500,1,0.0547,13.6864,68.8342,33.7291,24.1057,2.8555,2.0408,,,,,candidate,35.14,,"""[NHM2017] 19522"" [""G""] 0.01""",,query_failed,not_in_any_checked_LRD_sample
