id,field,ra,dec,photz,parent_sep_arcsec,parent_match,akins_cw_id,akins_cw_sep,akins_pass,akins_why,verdict,verdict_note,flag,flux_radius_px,reff_arcsec,compact,f444_AB,snr_f444,F277_F444,kocevski_pass,kokorev_pass,kocevski_why,kokorev_why
atl006594,COSMOS,150.05369,2.405816,6.19,52.828,cosmos-web(akins),CW-758982,0.14,True,F277-F444=1.56(>1.5) C444=0.55(0.5-0.7) SNR444=137 chi2_bd>0=True,published_LRD,confirmed Akins COSMOS-Web LRD (outside PRIMER); passes Akins cut,,,,,,,,,,,
atl006181,COSMOS,150.05868,2.399345,5.85,28.48,cosmos-web(akins),CW-758452,0.14,True,F277-F444=1.92(>1.5) C444=0.57(0.5-0.7) SNR444=158 chi2_bd>0=True,published_LRD,confirmed Akins COSMOS-Web LRD (outside PRIMER); passes Akins cut,,,,,,,,,,,
atl008513,COSMOS,150.17903,2.440051,0.98,1.055,no_jwst_counterpart,,,,,no_jwst_counterpart,"no catalogued JWST source within 1.0"" (nearest 1.1"") — spurious detection or outside footprint",,,,,,,,,,,
atl041542,UDS,34.452312,-5.161188,8.43,0.205,yes,,,False,SNR444=23(>12) SNR277=33(>3) F277-F444=-0.04(>1.5) compact=True,below_cuts,fails every applicable published selection,1,2.97,0.038,True,26.3,22.9,-0.04,False,False,beta_UV=-3.16[n3](<-0.37) beta_opt=-2.47[n2](>0) compact=True SNR444=23(>12),red1=False red2=False F444=26.3(<27.7) SNR444=23(>14) compact=True
atl026058,GOODS-S,53.200711,-27.734697,5.57,7.73,no_jwst_counterpart,,,,,no_jwst_counterpart,"no catalogued JWST source within 1.0"" (nearest 7.7"") — spurious detection or outside footprint",,,,,,,,,,,
atl041002,UDS,34.358988,-5.16619,1.21,0.774,marginal,,,False,SNR444=8(>12) SNR277=11(>3) F277-F444=0.00(>1.5) compact=False,below_cuts,fails every applicable published selection,0,3.32,0.087,False,27.88,7.9,0.0,False,False,beta_UV=nan[n0](<-0.37) beta_opt=-2.48[n2](>0) compact=False SNR444=8(>12) [indeterminate: <2 bands in a regime],red1=False red2=False F444=27.9(<27.7) SNR444=8(>14) compact=False
atl039298,UDS,34.290951,-5.181698,2.56,0.174,yes,,,False,SNR444=37(>12) SNR277=59(>3) F277-F444=-0.13(>1.5) compact=False,below_cuts,fails every applicable published selection,0,4.42,0.188,False,24.93,36.8,-0.13,False,False,beta_UV=nan[n0](<-0.37) beta_opt=nan[n1](>0) compact=False SNR444=37(>12) [indeterminate: <2 bands in a regime],red1=False red2=False F444=24.9(<27.7) SNR444=37(>14) compact=False
atl015287,COSMOS,150.10156,2.219143,6.76,0.118,yes,,,False,SNR444=294(>12) SNR277=374(>3) F277-F444=0.20(>1.5) compact=False,below_cuts,fails every applicable published selection,1,2.96,0.056,False,22.84,293.8,0.2,False,False,beta_UV=-3.22[n3](<-0.37) beta_opt=-1.20[n2](>0) compact=False SNR444=294(>12),red1=False red2=False F444=22.8(<27.7) SNR444=294(>14) compact=False
atl039645,UDS,34.372126,-5.178422,7.28,2.329,no_jwst_counterpart,,,,,no_jwst_counterpart,"no catalogued JWST source within 1.0"" (nearest 2.3"") — spurious detection or outside footprint",,,,,,,,,,,
atl007048,COSMOS,150.16998,2.413571,5.19,0.041,yes,,,False,SNR444=174(>12) SNR277=221(>3) F277-F444=-0.04(>1.5) compact=False,below_cuts,fails every applicable published selection,1,3.92,0.117,False,23.97,173.9,-0.04,False,False,beta_UV=-1.96[n2](<-0.37) beta_opt=-2.14[n3](>0) compact=False SNR444=174(>12),red1=False red2=False F444=24.0(<27.7) SNR444=174(>14) compact=False
