rank,id,ra,dec,field,r44_20,novelty,z_peak,z_mean,p_z_gt4,p_z_lt2
24,atl006594,150.053690,2.405816,COSMOS,6.8725,in_published_LRD_sample,6.19,3.84,0.415,0.216
35,atl006181,150.058680,2.399345,COSMOS,8.6207,in_published_LRD_sample,5.85,4.44,0.682,0.293
42,atl008513,150.179030,2.440051,COSMOS,3.4617,not_in_machine_checkable_LRD_samples,0.98,2.64,0.346,0.566
49,atl041542,34.452312,-5.161188,UDS,2.7737,not_in_machine_checkable_LRD_samples,8.43,8.37,0.991,0.003
57,atl026058,53.200711,-27.734697,GOODS-S,3.2549,not_in_machine_checkable_LRD_samples,5.57,4.42,0.696,0.22
62,atl041002,34.358988,-5.166190,UDS,1.5734,not_in_machine_checkable_LRD_samples,1.21,4.09,0.364,0.529
67,atl039298,34.290951,-5.181698,UDS,1.5611,not_in_machine_checkable_LRD_samples,2.56,2.56,0.0,0.0
87,atl015287,150.101560,2.219143,COSMOS,1.5517,not_in_machine_checkable_LRD_samples,6.76,5.89,0.834,0.165
97,atl039645,34.372126,-5.178422,UDS,22.9116,not_in_machine_checkable_LRD_samples,7.28,4.03,0.475,0.362
100,atl007048,150.169980,2.413571,COSMOS,2.8555,not_in_machine_checkable_LRD_samples,5.19,5.19,1.0,0.0
