ranking,rank,id,ra,dec,field,anomaly,lrd_dist,dominant,smooth,featured,merger,in_both_top100
anomaly,1,atl040815,34.300333,-5.167763,UDS,0.3525,0.3686,merger,0.000,0.111,0.500,0
anomaly,2,atl009136,150.138930,2.451271,COSMOS,0.3147,0.4321,smooth,0.450,0.150,0.167,0
anomaly,3,atl031119,53.159386,-27.878734,GOODS-S,0.3065,0.2421,featured,0.200,0.350,0.273,0
anomaly,4,atl040031,34.375273,-5.175031,UDS,0.3056,0.301,featured,0.100,0.300,0.125,0
anomaly,5,atl011516,150.177570,2.208041,COSMOS,0.3032,0.4576,smooth,0.507,0.347,0.172,0
anomaly,6,atl012134,150.114660,2.506105,COSMOS,0.3027,0.2753,smooth,0.364,0.045,0.000,0
anomaly,7,atl024581,53.105817,-27.942750,GOODS-S,0.301,0.3003,smooth,0.461,0.237,0.264,0
anomaly,8,atl042089,34.224558,-5.156221,UDS,0.2978,0.2389,featured,0.000,0.217,0.200,0
anomaly,9,atl029049,53.157294,-27.662521,GOODS-S,0.2921,0.3717,merger,0.397,0.265,0.467,0
anomaly,10,atl040321,34.252636,-5.172512,UDS,0.2913,0.3147,featured,0.125,0.312,0.143,0
anomaly,11,atl025754,53.036302,-27.739384,GOODS-S,0.2891,0.3509,merger,0.118,0.000,1.000,0
anomaly,12,atl044663,34.369481,-5.140824,UDS,0.2887,0.6427,merger,0.184,0.079,0.400,0
anomaly,13,atl011175,150.107870,2.488471,COSMOS,0.2848,0.4473,smooth,0.231,0.154,0.000,0
anomaly,14,atl025069,53.216202,-27.749938,GOODS-S,0.2845,0.6324,featured,0.352,0.493,0.000,0
anomaly,15,atl018597,150.051550,2.273267,COSMOS,0.2838,0.3989,merger,0.250,0.050,0.333,0
anomaly,16,atl047956,34.272581,-5.234936,UDS,0.2824,0.3191,merger,0.333,0.067,0.500,0
anomaly,17,atl047374,34.320739,-5.240542,UDS,0.2814,0.2099,merger,0.261,0.217,0.273,0
anomaly,18,atl014876,150.120570,2.228154,COSMOS,0.2804,0.288,merger,0.111,0.111,0.250,0
anomaly,19,atl008840,150.125300,2.443916,COSMOS,0.2794,0.2084,smooth,0.375,0.333,0.118,0
anomaly,20,atl010536,150.146090,2.477085,COSMOS,0.2788,0.3602,merger,0.087,0.087,0.250,0
anomaly,21,atl043368,34.289708,-5.126068,UDS,0.2774,0.4865,featured,0.000,0.038,0.000,0
anomaly,22,atl043342,34.289248,-5.126040,UDS,0.2756,0.5,merger,0.100,0.200,0.500,0
anomaly,23,atl025877,53.035303,-27.738895,GOODS-S,0.2755,0.3023,featured,0.000,0.026,0.000,0
anomaly,24,atl017089,150.089280,2.244678,COSMOS,0.2733,0.4098,merger,0.027,0.000,1.000,0
anomaly,25,atl030604,53.213802,-27.808005,GOODS-S,0.2725,0.331,smooth,0.059,0.000,0.000,0
anomaly,26,atl042973,34.499395,-5.263673,UDS,0.2718,0.3526,smooth,0.462,0.128,0.348,0
anomaly,27,atl033848,53.085375,-27.924510,GOODS-S,0.2718,0.3808,merger,0.274,0.493,0.589,0
anomaly,28,atl019113,150.160660,2.282124,COSMOS,0.2687,0.3538,smooth,0.586,0.103,0.050,0
anomaly,29,atl018969,150.203600,2.190852,COSMOS,0.2678,0.1495,featured,0.222,0.278,0.000,0
anomaly,30,atl023780,53.224591,-27.766639,GOODS-S,0.2675,0.3823,smooth,0.395,0.132,0.300,0
anomaly,31,atl023341,53.220367,-27.772611,GOODS-S,0.2674,0.5504,merger,0.087,0.043,0.667,0
anomaly,32,atl014556,150.111180,2.557318,COSMOS,0.2669,0.3536,featured,0.276,0.289,0.256,0
anomaly,33,atl017141,150.182530,2.247845,COSMOS,0.2664,0.2224,featured,0.200,0.350,0.091,0
anomaly,34,atl042460,34.499793,-5.264697,UDS,0.2663,0.5223,merger,0.342,0.289,0.354,0
anomaly,35,atl042180,34.233160,-5.154558,UDS,0.2661,0.2727,merger,0.174,0.043,0.200,0
anomaly,36,atl002761,150.193920,2.343420,COSMOS,0.266,0.2906,featured,0.048,0.095,0.000,0
anomaly,37,atl039122,34.417629,-5.183391,UDS,0.2657,0.3784,smooth,0.462,0.154,0.062,0
anomaly,38,atl015159,150.103710,2.352291,COSMOS,0.2655,0.4013,merger,0.200,0.025,0.333,0
anomaly,39,atl024346,53.047300,-27.758699,GOODS-S,0.2647,0.1607,smooth,0.500,0.158,0.360,0
anomaly,40,atl041881,34.318388,-5.158233,UDS,0.2633,0.4293,featured,0.273,0.364,0.286,0
anomaly,41,atl044183,34.385063,-5.264554,UDS,0.2631,0.3038,merger,0.059,0.235,0.400,0
anomaly,42,atl043536,34.299145,-5.127030,UDS,0.263,0.3137,merger,0.080,0.040,0.333,0
anomaly,43,atl009376,150.054200,2.451359,COSMOS,0.2619,0.6292,featured,0.347,0.417,0.291,0
anomaly,44,atl026777,53.047319,-27.725591,GOODS-S,0.2618,0.4528,smooth,0.632,0.026,0.000,0
anomaly,45,atl021306,53.139384,-27.945781,GOODS-S,0.2618,0.3431,merger,0.297,0.162,0.353,0
anomaly,46,atl047115,34.264601,-5.243013,UDS,0.2616,0.3696,merger,0.316,0.211,0.400,0
anomaly,47,atl027374,53.041170,-27.717039,GOODS-S,0.2603,0.3185,smooth,0.541,0.054,0.091,0
anomaly,48,atl014249,150.108960,2.544370,COSMOS,0.2601,0.4724,smooth,0.600,0.100,0.107,0
anomaly,49,atl008396,150.175600,2.205312,COSMOS,0.2597,0.2368,merger,0.154,0.154,0.250,0
anomaly,50,atl008083,150.066840,2.431525,COSMOS,0.2591,0.2571,merger,0.219,0.062,0.222,0
anomaly,51,atl035287,34.452249,-5.218922,UDS,0.259,0.1652,merger,0.283,0.087,0.294,0
anomaly,52,atl046461,34.471537,-5.252349,UDS,0.2589,0.4883,smooth,0.735,0.118,0.069,0
anomaly,53,atl026847,53.100745,-27.897450,GOODS-S,0.2584,0.4841,featured,0.036,0.071,0.000,0
anomaly,54,atl024384,53.100020,-27.903001,GOODS-S,0.2579,0.4209,featured,0.000,0.062,0.000,0
anomaly,55,atl029422,53.146302,-27.679271,GOODS-S,0.2577,0.442,featured,0.299,0.364,0.333,0
anomaly,56,atl016942,150.113680,2.243892,COSMOS,0.2574,0.3743,merger,0.125,0.042,0.250,0
anomaly,57,atl008868,150.105330,2.445353,COSMOS,0.257,0.2827,smooth,0.622,0.162,0.103,0
anomaly,58,atl028102,53.144919,-27.707320,GOODS-S,0.257,0.2529,smooth,0.250,0.083,0.000,0
anomaly,59,atl012636,150.157940,2.514415,COSMOS,0.2566,0.3534,featured,0.188,0.312,0.000,0
anomaly,60,atl048751,34.393499,-5.227030,UDS,0.2565,0.2774,featured,0.174,0.217,0.111,0
anomaly,61,atl023858,53.060865,-27.765917,GOODS-S,0.2562,0.3893,smooth,0.575,0.137,0.038,0
anomaly,62,atl044690,34.492053,-5.135748,UDS,0.2558,0.3205,smooth,0.500,0.026,0.150,0
anomaly,63,atl035016,53.062453,-27.822509,GOODS-S,0.2556,0.3633,smooth,0.247,0.117,0.214,0
anomaly,64,atl033581,53.042457,-27.841941,GOODS-S,0.2556,0.0789,featured,0.083,0.292,0.111,0
anomaly,65,atl042087,34.227812,-5.156285,UDS,0.2555,0.3172,featured,0.000,0.200,0.000,0
anomaly,66,atl016777,150.080060,2.241134,COSMOS,0.2554,0.4364,featured,0.174,0.391,0.231,0
anomaly,67,atl035341,34.452094,-5.218668,UDS,0.2553,0.2447,smooth,0.368,0.132,0.263,0
anomaly,68,atl028455,53.167648,-27.710672,GOODS-S,0.2551,0.3479,merger,0.056,0.222,0.400,0
anomaly,69,atl034822,53.047736,-27.825547,GOODS-S,0.2548,0.3404,smooth,0.500,0.091,0.077,0
anomaly,70,atl043072,34.504833,-5.146409,UDS,0.2547,0.3477,merger,0.250,0.167,0.333,0
anomaly,71,atl003256,150.134700,2.349510,COSMOS,0.2545,0.3671,merger,0.051,0.077,0.200,0
anomaly,72,atl000423,150.172550,2.191997,COSMOS,0.2543,0.4995,merger,0.547,0.293,0.571,0
anomaly,73,atl045520,34.330361,-5.209330,UDS,0.2543,0.3442,featured,0.133,0.200,0.000,0
anomaly,74,atl014241,150.167690,2.543773,COSMOS,0.2543,0.2931,merger,0.059,0.118,0.333,0
anomaly,75,atl016821,150.066900,2.187533,COSMOS,0.2541,0.1982,smooth,0.348,0.087,0.300,0
anomaly,76,atl015720,150.070250,2.224260,COSMOS,0.2541,0.3961,merger,0.222,0.111,0.333,0
anomaly,77,atl024729,53.222471,-27.753270,GOODS-S,0.254,0.1967,featured,0.318,0.455,0.235,0
anomaly,78,atl043546,34.410986,-5.140036,UDS,0.2537,0.603,featured,0.125,0.722,0.148,0
anomaly,79,atl030036,53.041035,-27.692100,GOODS-S,0.2535,0.1742,smooth,0.447,0.132,0.045,0
anomaly,80,atl026907,53.139167,-27.723170,GOODS-S,0.2533,0.3438,smooth,0.269,0.231,0.231,0
anomaly,81,atl003809,150.104690,2.360483,COSMOS,0.2527,0.4302,smooth,0.556,0.194,0.481,0
anomaly,82,atl045426,34.275755,-5.259901,UDS,0.2524,0.2137,merger,0.250,0.100,0.286,0
anomaly,83,atl010032,150.105420,2.466108,COSMOS,0.2523,0.364,featured,0.059,0.118,0.000,0
anomaly,84,atl017056,150.090750,2.245546,COSMOS,0.2518,0.3376,smooth,0.432,0.162,0.045,0
anomaly,85,atl048743,34.318361,-5.228452,UDS,0.2513,0.361,smooth,0.412,0.118,0.333,0
anomaly,86,atl028480,53.148123,-27.667035,GOODS-S,0.2512,0.2688,merger,0.080,0.080,0.500,0
anomaly,87,atl046541,34.432581,-5.250205,UDS,0.2508,0.3702,smooth,0.684,0.079,0.034,0
anomaly,88,atl021133,53.061473,-27.804740,GOODS-S,0.2505,0.4243,merger,0.431,0.207,0.486,0
anomaly,89,atl015545,150.131620,2.501246,COSMOS,0.2497,0.3385,smooth,0.091,0.045,0.000,0
anomaly,90,atl041275,34.290166,-5.163340,UDS,0.2496,0.3091,smooth,0.238,0.190,0.222,0
anomaly,91,atl021839,53.231369,-27.793465,GOODS-S,0.249,0.2381,merger,0.459,0.189,0.500,0
anomaly,92,atl015591,150.059760,2.518594,COSMOS,0.2487,0.3745,featured,0.250,0.550,0.000,0
anomaly,93,atl027829,53.058872,-27.704453,GOODS-S,0.2487,0.4695,merger,0.051,0.051,0.500,0
anomaly,94,atl027914,53.057517,-27.703793,GOODS-S,0.2484,0.451,merger,0.105,0.053,0.333,0
anomaly,95,atl034441,53.177955,-27.920601,GOODS-S,0.2482,0.3069,featured,0.105,0.211,0.000,0
anomaly,96,atl030179,53.159234,-27.695972,GOODS-S,0.2482,0.2749,featured,0.125,0.292,0.100,0
anomaly,97,atl022434,53.053698,-27.785445,GOODS-S,0.2476,0.5278,smooth,0.458,0.250,0.000,0
anomaly,98,atl025627,53.212655,-27.740867,GOODS-S,0.2476,0.2536,featured,0.059,0.235,0.200,0
anomaly,99,atl038739,34.380704,-5.187286,UDS,0.2474,0.2464,merger,0.417,0.042,0.455,0
anomaly,100,atl030591,53.179278,-27.885848,GOODS-S,0.2474,0.3063,featured,0.100,0.250,0.000,0
lrdlike,1,atl045938,34.474801,-5.255598,UDS,0.0106,0.0022,merger,0.174,0.000,0.250,0
lrdlike,2,atl042294,34.247509,-5.153460,UDS,0.0107,0.0031,featured,0.000,0.062,0.000,0
lrdlike,3,atl015228,150.162280,2.218984,COSMOS,0.0101,0.0039,smooth,0.091,0.091,0.000,0
lrdlike,4,atl045784,34.474190,-5.145906,UDS,0.014,0.0042,smooth,0.148,0.074,0.000,0
lrdlike,5,atl045633,34.474767,-5.258398,UDS,0.011,0.0046,featured,0.050,0.150,0.000,0
lrdlike,6,atl045801,34.474756,-5.257087,UDS,0.0137,0.0052,featured,0.000,0.182,0.000,0
lrdlike,7,atl014969,150.194370,2.271924,COSMOS,0.0123,0.0057,featured,0.043,0.130,0.000,0
lrdlike,8,atl039645,34.372126,-5.178422,UDS,0.0145,0.0061,featured,0.000,0.059,0.000,0
lrdlike,9,atl045748,34.474764,-5.257414,UDS,0.0148,0.0079,featured,0.059,0.118,0.000,0
lrdlike,10,atl035593,34.359985,-5.216323,UDS,0.0124,0.0081,merger,0.067,0.133,0.333,0
lrdlike,11,atl038156,34.245488,-5.193601,UDS,0.0125,0.0094,merger,0.083,0.083,0.250,0
lrdlike,12,atl045795,34.474761,-5.256778,UDS,0.019,0.0104,featured,0.000,0.130,0.000,0
lrdlike,13,atl019568,150.133380,2.191542,COSMOS,0.0124,0.0104,featured,0.053,0.158,0.000,0
lrdlike,14,atl045620,34.474754,-5.258806,UDS,0.0234,0.0104,smooth,0.200,0.000,0.000,0
lrdlike,15,atl006598,150.088150,2.406523,COSMOS,0.0345,0.0104,smooth,0.320,0.000,0.000,0
lrdlike,16,atl045396,34.388818,-5.237077,UDS,0.0153,0.0107,merger,0.059,0.000,1.000,0
lrdlike,17,atl005286,150.056170,2.384440,COSMOS,0.0138,0.0111,featured,0.056,0.167,0.000,0
lrdlike,18,atl045688,34.474789,-5.257647,UDS,0.0158,0.0113,featured,0.038,0.115,0.000,0
lrdlike,19,atl039488,34.385061,-5.267853,UDS,0.0201,0.0113,featured,0.000,0.042,0.000,0
lrdlike,20,atl042360,34.247563,-5.153744,UDS,0.0143,0.0116,merger,0.125,0.250,0.500,0
lrdlike,21,atl045773,34.479107,-5.148237,UDS,0.0362,0.0117,merger,0.167,0.167,0.333,0
lrdlike,22,atl028509,53.174174,-27.709726,GOODS-S,0.035,0.0118,featured,0.087,0.174,0.000,0
lrdlike,23,atl046085,34.323866,-5.254154,UDS,0.0227,0.012,featured,0.053,0.211,0.000,0
lrdlike,24,atl013081,150.054300,2.523514,COSMOS,0.0156,0.0123,merger,0.059,0.059,0.500,0
lrdlike,25,atl045961,34.474794,-5.255419,UDS,0.0181,0.0134,merger,0.045,0.091,0.333,0
lrdlike,26,atl031582,53.137941,-27.874020,GOODS-S,0.0619,0.0138,featured,0.083,0.125,0.000,0
lrdlike,27,atl036466,34.429182,-5.208285,UDS,0.0376,0.0138,smooth,0.457,0.114,0.450,0
lrdlike,28,atl043157,34.236029,-5.146841,UDS,0.0164,0.0143,featured,0.091,0.227,0.143,0
lrdlike,29,atl043054,34.236740,-5.146132,UDS,0.0349,0.0145,featured,0.048,0.143,0.000,0
lrdlike,30,atl007388,150.199780,2.419440,COSMOS,0.0435,0.0156,smooth,0.217,0.087,0.000,0
lrdlike,31,atl005269,150.056540,2.384155,COSMOS,0.0157,0.0159,featured,0.053,0.105,0.000,0
lrdlike,32,atl019104,150.181010,2.282090,COSMOS,0.0176,0.0176,featured,0.000,0.158,0.000,0
lrdlike,33,atl005254,150.056750,2.384014,COSMOS,0.0178,0.0189,featured,0.087,0.217,0.143,0
lrdlike,34,atl016210,150.167640,2.186573,COSMOS,0.101,0.0192,merger,0.160,0.040,0.400,0
lrdlike,35,atl047059,34.340436,-5.243645,UDS,0.0471,0.0195,featured,0.185,0.333,0.286,0
lrdlike,36,atl045606,34.403470,-5.189430,UDS,0.0423,0.0199,merger,0.062,0.125,0.333,0
lrdlike,37,atl037553,34.273159,-5.198018,UDS,0.0318,0.0204,smooth,0.553,0.079,0.083,0
lrdlike,38,atl013101,150.055320,2.523635,COSMOS,0.0215,0.021,featured,0.000,0.160,0.000,0
lrdlike,39,atl015276,150.057540,2.383406,COSMOS,0.0558,0.0214,smooth,0.217,0.000,0.000,0
lrdlike,40,atl042084,34.492433,-5.266250,UDS,0.0496,0.0216,smooth,0.378,0.027,0.000,0
lrdlike,41,atl008506,150.077900,2.440007,COSMOS,0.0423,0.0217,merger,0.154,0.192,0.222,0
lrdlike,42,atl045477,34.474665,-5.220408,UDS,0.0705,0.0226,merger,0.100,0.100,0.250,0
lrdlike,43,atl029611,53.161677,-27.682907,GOODS-S,0.0445,0.0243,smooth,0.550,0.200,0.067,0
lrdlike,44,atl045527,34.311439,-5.208153,UDS,0.0292,0.0249,featured,0.000,0.211,0.000,0
lrdlike,45,atl048937,34.336197,-5.225264,UDS,0.0375,0.0254,featured,0.067,0.667,0.000,0
lrdlike,46,atl019925,150.147590,2.192253,COSMOS,0.1081,0.0259,merger,0.174,0.174,0.375,0
lrdlike,47,atl014917,150.111270,2.248461,COSMOS,0.0728,0.0261,featured,0.062,0.250,0.000,0
lrdlike,48,atl036759,34.224992,-5.205222,UDS,0.0592,0.0262,smooth,0.294,0.235,0.000,0
lrdlike,49,atl037629,34.241787,-5.197488,UDS,0.0301,0.0264,smooth,0.594,0.094,0.000,0
lrdlike,50,atl013459,150.154550,2.532005,COSMOS,0.0565,0.0272,merger,0.400,0.029,0.667,0
lrdlike,51,atl043322,34.413864,-5.146493,UDS,0.0634,0.0272,smooth,0.429,0.029,0.062,0
lrdlike,52,atl012600,150.071250,2.513823,COSMOS,0.0389,0.0274,smooth,0.240,0.040,0.143,0
lrdlike,53,atl017265,150.152600,2.249403,COSMOS,0.0422,0.0289,merger,0.087,0.130,0.200,0
lrdlike,54,atl003828,150.129530,2.196820,COSMOS,0.0724,0.0306,smooth,0.324,0.108,0.000,0
lrdlike,55,atl038594,34.435294,-5.188273,UDS,0.0339,0.0309,merger,0.080,0.240,0.250,0
lrdlike,56,atl019326,150.127720,2.283807,COSMOS,0.0618,0.0312,merger,0.129,0.065,0.333,0
lrdlike,57,atl036458,34.400774,-5.208272,UDS,0.042,0.0313,merger,0.240,0.080,0.375,0
lrdlike,58,atl008260,150.142120,2.435694,COSMOS,0.2195,0.0313,merger,0.160,0.080,0.167,0
lrdlike,59,atl045624,34.397453,-5.258091,UDS,0.0437,0.0317,featured,0.091,0.182,0.000,0
lrdlike,60,atl039769,34.390854,-5.177498,UDS,0.0714,0.0318,smooth,0.407,0.074,0.000,0
lrdlike,61,atl004217,150.136110,2.365074,COSMOS,0.0716,0.0318,merger,0.270,0.162,0.562,0
lrdlike,62,atl016419,150.167730,2.186928,COSMOS,0.0999,0.0322,merger,0.074,0.000,0.500,0
lrdlike,63,atl036858,34.283102,-5.204315,UDS,0.0517,0.0326,smooth,0.316,0.053,0.286,0
lrdlike,64,atl046576,34.409478,-5.274172,UDS,0.0604,0.0329,smooth,0.444,0.056,0.000,0
lrdlike,65,atl007621,150.200390,2.423560,COSMOS,0.0501,0.0333,featured,0.000,0.071,0.000,0
lrdlike,66,atl008933,150.073670,2.447478,COSMOS,0.0369,0.0334,featured,0.130,0.174,0.000,0
lrdlike,67,atl048820,34.225470,-5.226424,UDS,0.0492,0.0342,merger,0.222,0.148,0.500,0
lrdlike,68,atl019690,150.184750,2.288813,COSMOS,0.0421,0.0347,smooth,0.194,0.028,0.000,0
lrdlike,69,atl047379,34.428380,-5.240572,UDS,0.0395,0.0352,smooth,0.500,0.132,0.000,0
lrdlike,70,atl014755,150.108050,2.184329,COSMOS,0.0267,0.0353,featured,0.125,0.167,0.000,0
lrdlike,71,atl020122,150.147830,2.192239,COSMOS,0.1094,0.0355,featured,0.118,0.294,0.286,0
lrdlike,72,atl041049,34.310581,-5.165515,UDS,0.1035,0.0365,smooth,0.500,0.000,0.100,0
lrdlike,73,atl036673,34.258269,-5.205994,UDS,0.0496,0.0368,smooth,0.471,0.059,0.222,0
lrdlike,74,atl048955,34.289225,-5.277386,UDS,0.0725,0.0377,smooth,0.000,0.000,0.000,0
lrdlike,75,atl010973,150.136070,2.483605,COSMOS,0.0694,0.0382,smooth,0.267,0.100,0.000,0
lrdlike,76,atl011204,150.156320,2.489455,COSMOS,0.1173,0.0395,smooth,0.375,0.150,0.143,0
lrdlike,77,atl008513,150.179030,2.440051,COSMOS,0.0428,0.0396,featured,0.050,0.100,0.000,0
lrdlike,78,atl036268,34.347341,-5.210183,UDS,0.0616,0.0396,smooth,0.316,0.132,0.029,0
lrdlike,79,atl045989,34.474820,-5.255193,UDS,0.034,0.04,featured,0.080,0.160,0.000,0
lrdlike,80,atl040681,34.252505,-5.169044,UDS,0.0703,0.0404,smooth,0.333,0.200,0.000,0
lrdlike,81,atl006429,150.053230,2.403809,COSMOS,0.0362,0.0407,smooth,0.333,0.111,0.125,0
lrdlike,82,atl015272,150.058400,2.382715,COSMOS,0.0935,0.042,featured,0.000,0.053,0.000,0
lrdlike,83,atl026291,53.168822,-27.733249,GOODS-S,0.0425,0.0421,smooth,0.329,0.086,0.034,0
lrdlike,84,atl010761,150.107790,2.180425,COSMOS,0.0375,0.0424,merger,0.118,0.029,0.400,0
lrdlike,85,atl045591,34.259567,-5.258420,UDS,0.0476,0.0424,merger,0.273,0.182,0.300,0
lrdlike,86,atl010091,150.083370,2.468602,COSMOS,0.0442,0.0424,smooth,0.208,0.083,0.000,0
lrdlike,87,atl027702,53.059305,-27.700952,GOODS-S,0.0755,0.0432,merger,0.038,0.154,0.200,0
lrdlike,88,atl041337,34.347568,-5.162682,UDS,0.0426,0.0435,featured,0.179,0.214,0.091,0
lrdlike,89,atl047355,34.319086,-5.240876,UDS,0.0893,0.0437,smooth,0.361,0.083,0.000,0
lrdlike,90,atl001933,150.102210,2.328325,COSMOS,0.0445,0.0449,merger,0.233,0.100,0.300,0
lrdlike,91,atl006482,150.085270,2.402186,COSMOS,0.0384,0.0451,smooth,0.222,0.056,0.100,0
lrdlike,92,atl009251,150.083380,2.450713,COSMOS,0.0416,0.0459,merger,0.250,0.028,0.400,0
lrdlike,93,atl042505,34.449570,-5.151470,UDS,0.062,0.0466,featured,0.105,0.158,0.000,0
lrdlike,94,atl010117,150.092860,2.469127,COSMOS,0.094,0.0474,merger,0.133,0.000,0.500,0
lrdlike,95,atl038682,34.406445,-5.187419,UDS,0.0565,0.0479,smooth,0.459,0.189,0.083,0
lrdlike,96,atl038165,34.372510,-5.275954,UDS,0.0419,0.048,featured,0.087,0.130,0.000,0
lrdlike,97,atl008729,150.185150,2.444218,COSMOS,0.0439,0.0487,featured,0.043,0.087,0.000,0
lrdlike,98,atl012818,150.078370,2.518180,COSMOS,0.0412,0.0493,smooth,0.395,0.105,0.000,0
lrdlike,99,atl049479,34.258721,-5.220105,UDS,0.0366,0.0508,featured,0.053,0.316,0.000,0
lrdlike,100,atl039041,34.244181,-5.267370,UDS,0.0521,0.0514,smooth,0.450,0.050,0.050,0
